A00004,A
A00005,A
A00009,A
A00015,A
A00022,~
A00027,A
A00034,~
A00054,A
A00056,~
A00067,A
A00071,A
A00087,A
A00090,A
A00101,A
A00102,A
A00106,~
A00107,A
A00125,~
A00128,A
A00132,A
A00137,A
A00139,~
A00141,A
A00155,A
A00156,A
A00164,~
A00196,~
A00201,~
A00205,~
A00208,A
A00216,A
A00217,A
A00225,A
A00231,A
A00247,A
A00253,A
A00264,A
A00267,A
A00271,A
A00301,A
A00307,~
A00321,A
A00370,~
A00375,A
A00395,A
A00397,A
A00404,A
A00405,A
A00422,A
A00432,A
A00438,A
A00439,A
A00441,A
A00445,~
A00456,A
A00465,A
A00473,A
A00474,~
A00486,A
A00493,A
A00509,A
A00519,A
A00520,A
A00524,~
A00537,~
A00542,A
A00551,A
A00567,A
A00585,~
A00587,A
A00589,A
A00591,~
A00592,A
A00611,A
A00613,A
A00614,A
A00619,~
A00621,A
A00624,A
A00625,A
A00629,~
A00643,A
A00648,A
A00660,~
A00662,A
A00666,A
A00670,A
A00680,A
A00690,~
A00691,A
A00700,~
A00701,A
A00704,A
A00705,~
A00706,A
A00707,A
A00722,A
A00725,A
A00733,A
A00739,A
A00761,~
A00772,A
A00774,~
A00795,A
A00798,A
A00813,~
A00837,A
A00860,A
A00867,A
A00869,A
A00873,A
A00885,A
A00888,A
A00925,A
A00932,A
A00933,A
A00939,A
A00951,A
A00954,A
A00964,A
A00972,A
A00974,A
A00982,A
A00984,~
A00988,~
A01005,A
A01006,~
A01013,A
A01019,A
A01024,A
A01029,A
A01041,A
A01042,A
A01045,A
A01048,~
A01052,A
A01056,A
A01063,~
A01070,~
A01075,A
A01076,A
A01079,A
A01087,A
A01092,A
A01104,A
A01116,~
A01129,A
A01153,A
A01160,~
A01163,A
A01169,~
A01171,A
A01192,A
A01198,A
A01210,A
A01217,A
A01230,A
A01240,A
A01244,A
A01246,~
A01253,~
A01258,A
A01259,A
A01267,A
A01268,A
A01270,~
A01275,~
A01290,A
A01299,~
A01301,A
A01302,A
A01303,A
A01309,A
A01313,A
A01324,A
A01325,A
A01326,A
A01342,A
A01355,A
A01363,A
A01370,A
A01371,A
A01376,A
A01383,A
A01386,A
A01395,A
A01405,A
A01420,A
A01427,~
A01429,~
A01433,A
A01443,A
A01449,A
A01450,A
A01467,A
A01491,A
A01501,A
A01502,~
A01511,A
A01519,A
A01521,~
A01522,A
A01529,~
A01550,A
A01562,A
A01567,~
A01578,~
A01584,A
A01585,~
A01589,A
A01594,A
A01607,A
A01618,A
A01624,A
A01629,A
A01642,A
A01662,A
A01685,A
A01691,A
A01693,A
A01703,~
A01706,~
A01707,~
A01711,A
A01715,A
A01718,A
A01727,~
A01747,A
A01750,~
A01753,A
A01755,~
A01763,~
A01765,A
A01772,~
A01774,A
A01776,A
A01784,A
A01786,A
A01805,~
A01811,A
A01828,A
A01831,A
A01833,~
A01844,A
A01853,A
A01869,A
A01883,A
A01888,~
A01892,A
A01917,~
A01930,A
A01932,A
A01938,~
A01941,A
A01951,A
A01965,~
A01966,~
A01981,A
A01986,A
A01991,A
A02014,~
A02032,~
A02042,A
A02047,A
A02051,A
A02055,~
A02057,A
A02069,~
A02070,A
A02072,A
A02081,A
A02102,A
A02104,A
A02110,A
A02113,~
A02119,A
A02126,A
A02133,~
A02150,A
A02159,A
A02165,A
A02168,~
A02181,~
A02190,A
A02196,~
A02197,A
A02217,~
A02218,A
A02224,A
A02248,A
A02252,~
A02279,A
A02289,A
A02290,A
A02291,A
A02307,A
A02323,A
A02325,A
A02326,A
A02330,A
A02353,A
A02355,A
A02364,~
A02372,~
A02375,A
A02391,A
A02400,A
A02401,A
A02402,A
A02411,~
A02419,~
A02425,A
A02426,A
A02429,A
A02439,A
A02442,A
A02451,A
A02455,A
A02456,A
A02460,A
A02461,A
A02464,A
A02474,A
A02475,A
A02479,~
A02483,A
A02493,A
A02499,A
A02501,A
A02502,A
A02506,A
A02509,A
A02514,~
A02519,A
A02532,A
A02536,A
A02538,A
A02549,A
A02550,A
A02557,A
A02559,A
A02575,~
A02587,A
A02594,A
A02607,~
A02611,A
A02614,~
A02644,A
A02649,A
A02677,A
A02686,A
A02693,~
A02694,A
A02695,A
A02702,~
A02706,~
A02717,~
A02722,A
A02727,A
A02730,~
A02738,A
A02740,~
A02750,~
A02757,A
A02764,A
A02772,~
A02776,A
A02782,A
A02784,A
A02785,~
A02805,A
A02807,A
A02819,A
A02821,~
A02829,~
A02833,~
A02845,A
A02853,A
A02856,A
A02872,A
A02874,~
A02879,A
A02892,A
A02894,A
A02895,A
A02898,A
A02899,A
A02900,A
A02906,A
A02918,A
A02926,A
A02937,A
A02942,A
A02945,A
A02955,~
A02961,~
A02965,A
A02978,A
A02997,~
A03004,A
A03012,A
A03013,A
A03031,A
A03034,A
A03039,~
A03046,A
A03050,~
A03055,A
A03063,A
A03078,A
A03080,A
A03081,A
A03101,A
A03117,~
A03118,~
A03126,A
A03128,A
A03149,~
A03152,A
A03154,A
A03161,A
A03183,~
A03185,A
A03187,A
A03199,~
A03212,A
A03215,~
A03221,A
A03223,A
A03230,A
A03239,~
A03241,A
A03246,A
A03269,~
A03273,A
A03295,A
A03306,A
A03310,A
A03319,A
A03342,A
A03346,A
A03352,~
A03358,A
A03363,~
A03374,A
A03382,A
A03389,A
A03391,A
A03408,~
A03437,A
A03443,~
A03446,A
A03460,A
A03467,A
A03468,A
A03469,A
A03489,~
A03497,A
A03498,A
A03499,A
A03501,A
A03502,A
A03503,A
A03508,A
A03527,A
A03541,~
A03548,A
A03549,~
A03565,~
A03567,A
A03569,A
A03576,A
A03580,~
A03584,A
A03592,A
A03596,~
A03605,A
A03606,A
A03610,A
A03628,A
A03629,A
A03634,A
A03635,A
A03657,A
A03660,A
A03670,A
A03671,A
A03685,~
A03691,A
A03707,A
A03719,~
A03738,~
A03739,~
A03745,~
A03746,A
A03760,A
A03782,A
A03792,A
A03814,~
A03827,A
A03829,~
A03834,A
A03836,A
A03838,A
A03841,A
A03844,A
A03848,~
A03852,A
A03857,A
A03863,A
A03905,A
A03910,A
A03934,~
A03939,A
A03946,~
A03954,A
A03960,A
A03979,A
A03983,A
A04016,A
A04019,A
A04020,~
A04025,A
A04030,A
A04048,A
A04069,A
A04086,~
A04117,A
A04122,A
A04123,A
A04128,A
A04133,~
A04136,A
A04137,~
A04170,~
A04186,~
A04201,A
A04207,A
A04216,~
A04218,A
A04220,A
A04230,A
A04231,~
A04244,~
A04251,~
A04257,~
A04261,A
A04272,A
A04282,~
A04299,A
A04303,~
A04325,~
A04329,~
A04349,A
A04350,A
A04366,~
A04383,A
A04398,A
A04424,~
A04431,A
A04452,~
A04454,A
A04473,A
A04493,A
A04503,~
A04508,A
A04513,~
A04516,A
A04522,~
A04555,~
A04560,A
A04573,A
A04587,A
A04591,A
A04594,A
A04596,A
A04604,A
A04612,A
A04638,A
A04644,~
A04658,A
A04673,~
A04675,~
A04676,~
A04685,~
A04697,A
A04701,~
A04704,A
A04707,~
A04712,A
A04735,~
A04756,~
A04762,A
A04771,A
A04805,~
A04812,~
A04815,A
A04816,A
A04819,~
A04853,~
A04861,A
A04863,A
A04873,~
A04890,~
A04891,A
A04897,A
A04899,~
A04901,A
A04905,A
A04913,~
A04916,~
A04918,~
A04924,A
A04936,A
A04941,~
A04942,A
A04943,A
A04946,~
A04948,~
A04952,A
A04966,~
A05005,A
A05014,A
A05018,~
A05043,A
A05049,A
A05053,~
A05056,~
A05059,A
A05063,~
A05076,~
A05081,A
A05089,~
A05100,~
A05116,A
A05119,A
A05134,~
A05138,A
A05140,A
A05149,A
A05163,~
A05172,A
A05189,~
A05190,A
A05200,A
A05228,A
A05230,A
A05233,~
A05237,A
A05238,A
A05239,A
A05254,A
A05265,A
A05268,A
A05270,A
A05281,A
A05283,A
A05289,A
A05293,A
A05341,~
A05355,~
A05365,~
A05366,A
A05392,A
A05408,~
A05410,A
A05431,A
A05433,A
A05458,A
A05459,A
A05465,A
A05470,A
A05476,A
A05486,A
A05495,A
A05500,A
A05503,~
A05507,~
A05511,A
A05515,A
A05524,A
A05547,A
A05564,A
A05570,A
A05571,~
A05572,A
A05592,~
A05663,A
A05670,A
A05703,A
A05726,A
A05766,~
A05822,~
A05931,A
A05935,A
A05955,A
A05960,~
A05987,A
A05992,~
A06048,~
A06057,A
A06100,A
A06103,~
A06157,~
A06180,~
A06213,A
A06223,~
A06241,~
A06262,~
A06370,A
A06389,A
A06397,A
A06400,A
A06404,A
A06406,A
A06423,A
A06431,A
A06435,~
A06438,~
A06481,A
A06493,A
A06501,~
A06512,~
A06519,~
A06526,A
A06531,A
A06534,~
A06536,A
A06545,A
A06551,A
A06573,~
A06576,A
A06588,~
A06590,A
A06595,~
A06605,A
A06610,A
A06622,~
A06623,A
A06627,A
A06631,A
A06637,A
A06649,A
A06650,A
A06663,A
A06666,A
A06671,A
A06676,A
A06677,A
A06687,A
A06690,A
A06695,A
A06699,A
A06700,A
A06713,A
A06721,A
A06725,A
A06726,A
A06734,A
A06736,A
A06738,~
A06743,A
A06755,A
A06761,A
A06766,A
A06769,~
A06774,A
A06776,~
A06779,A
A06781,~
A06782,A
A06786,A
A06804,A
A06818,A
A06820,A
A06830,~
A06836,A
A06841,~
A06860,A
A06861,A
A06862,~
A06868,A
A06869,A
A06874,~
A06885,A
A06894,A
A06897,~
A06898,A
A06900,A
A06905,A
A06911,A
A06912,A
A06917,A
A06918,~
A06923,A
A06925,A
A06932,A
A06935,~
A06938,A
A06955,A
A06962,A
A06970,A
A06975,A
A06981,A
A06982,~
A06984,A
A06991,A
A06998,A
A07001,~
A07004,A
A07027,~
A07028,A
A07036,A
A07042,A
A07045,A
A07063,A
A07070,A
A07092,A
A07093,A
A07096,A
A07100,A
A07101,A
A07109,~
A07118,A
A07122,A
A07136,~
A07138,~
A07139,~
A07143,A
A07154,~
A07161,A
A07163,A
A07168,A
A07180,~
A07183,~
A07196,A
A07198,~
A07205,A
A07206,A
A07212,A
A07218,A
A07224,A
A07236,A
A07243,A
A07253,A
A07255,A
A07256,A
A07258,A
A07270,A
A07275,A
A07281,A
A07284,A
A07285,A
A07291,A
A07293,A
A07294,A
A07301,A
A07304,A
A07307,A
A07320,~
A07322,~
A07324,A
A07331,~
A07343,A
A07356,~
A07366,A
A07371,A
A07374,~
A07381,A
A07382,~
A07423,A
A07428,A
A07429,A
A07432,A
A07435,A
A07467,A
A07471,~
A07473,A
A07489,~
A07496,A
A07498,A
A07501,A
A07518,A
A07554,A
A07562,A
A07563,A
A07568,~
A07592,~
A07600,A
A07607,A
A07609,A
A07616,~
A07625,~
A07626,A
A07631,~
A07648,A
A07656,A
A07657,A
A07661,A
A07664,A
A07666,A
A07688,A
A07702,A
A07710,A
A07714,A
A07718,A
A07722,A
A07724,~
A07727,~
A07728,~
A07732,A
A07736,~
A07744,A
A07747,A
A07765,A
A07766,A
A07771,A
A07784,A
A07786,~
A07794,~
A07810,A
A07814,A
A07818,~
A07822,A
A07836,A
A07838,A
A07841,A
A07845,A
A07859,~
A07860,A
A07869,~
A07870,A
A07871,A
A07873,A
A07888,A
A07893,~
A07896,A
A07898,A
A07901,A
A07903,A
A07904,A
A07924,A
A07927,A
A07930,A
A07947,A
A07950,A
A07957,A
A07969,A
A07982,A
A07983,~
A07984,A
A08003,A
A08012,A
A08013,A
A08018,A
A08021,~
A08023,A
A08025,A
A08035,~
A08038,A
A08043,~
A08046,~
A08047,A
A08053,A
A08063,A
A08064,A
A08065,A
A08067,A
A08083,A
A08085,A
A08112,~
A08113,A
A08124,~
A08129,A
A08132,A
A08133,~
A08154,A
A08156,A
A08160,~
A08171,~
A08193,A
A08195,A
A08204,~
A08207,~
A08213,~
A08227,A
A08236,A
A08242,A
A08248,A
A08258,~
A08279,A
A08281,~
A08283,A
A08290,A
A08296,A
A08304,A
A08305,A
A08307,A
A08328,A
A08353,A
A08371,A
A08372,~
A08377,~
A08378,~
A08392,A
A08402,~
A08405,A
A08408,~
A08414,A
A08422,A
A08436,A
A08451,A
A08464,~
A08466,A
A08468,~
A08486,A
A08489,~
A08493,~
A08495,A
A08500,A
A08514,A
A08523,A
train_ecg_00001,N
train_ecg_00002,N
train_ecg_00003,O
train_ecg_00004,N
train_ecg_00005,O
train_ecg_00006,N
train_ecg_00007,N
train_ecg_00008,O
train_ecg_00009,O
train_ecg_00010,O
train_ecg_00011,~
train_ecg_00012,N
train_ecg_00013,N
train_ecg_00014,N
train_ecg_00015,O
train_ecg_00016,A
train_ecg_00017,O
train_ecg_00018,N
train_ecg_00019,O
train_ecg_00020,O
train_ecg_00021,N
train_ecg_00022,N
train_ecg_00023,N
train_ecg_00024,N
train_ecg_00025,N
train_ecg_00026,N
train_ecg_00027,O
train_ecg_00028,O
train_ecg_00029,N
train_ecg_00030,N
train_ecg_00031,~
train_ecg_00032,N
train_ecg_00033,N
train_ecg_00034,O
train_ecg_00035,O
train_ecg_00036,N
train_ecg_00037,O
train_ecg_00038,O
train_ecg_00039,N
train_ecg_00040,N
train_ecg_00041,N
train_ecg_00042,N
train_ecg_00043,O
train_ecg_00044,A
train_ecg_00045,O
train_ecg_00046,N
train_ecg_00047,N
train_ecg_00048,N
train_ecg_00049,O
train_ecg_00050,O
train_ecg_00051,O
train_ecg_00052,N
train_ecg_00053,A
train_ecg_00054,N
train_ecg_00055,N
train_ecg_00056,N
train_ecg_00057,A
train_ecg_00058,N
train_ecg_00059,O
train_ecg_00060,N
train_ecg_00061,O
train_ecg_00062,N
train_ecg_00063,N
train_ecg_00064,N
train_ecg_00065,N
train_ecg_00066,O
train_ecg_00067,O
train_ecg_00068,O
train_ecg_00069,N
train_ecg_00070,O
train_ecg_00071,N
train_ecg_00072,N
train_ecg_00073,N
train_ecg_00074,N
train_ecg_00075,N
train_ecg_00076,N
train_ecg_00077,O
train_ecg_00078,N
train_ecg_00079,O
train_ecg_00080,O
train_ecg_00081,N
train_ecg_00082,N
train_ecg_00083,N
train_ecg_00084,N
train_ecg_00085,O
train_ecg_00086,N
train_ecg_00087,~
train_ecg_00088,O
train_ecg_00089,~
train_ecg_00090,N
train_ecg_00091,O
train_ecg_00092,N
train_ecg_00093,~
train_ecg_00094,N
train_ecg_00095,N
train_ecg_00096,N
train_ecg_00097,A
train_ecg_00098,~
train_ecg_00099,O
train_ecg_00100,A
train_ecg_00101,N
train_ecg_00102,N
train_ecg_00103,O
train_ecg_00104,N
train_ecg_00105,N
train_ecg_00106,N
train_ecg_00107,O
train_ecg_00108,N
train_ecg_00109,O
train_ecg_00110,O
train_ecg_00111,A
train_ecg_00112,O
train_ecg_00113,O
train_ecg_00114,O
train_ecg_00115,N
train_ecg_00116,N
train_ecg_00117,N
train_ecg_00118,N
train_ecg_00119,N
train_ecg_00120,O
train_ecg_00121,N
train_ecg_00122,A
train_ecg_00123,N
train_ecg_00124,N
train_ecg_00125,N
train_ecg_00126,O
train_ecg_00127,~
train_ecg_00128,~
train_ecg_00129,A
train_ecg_00130,O
train_ecg_00131,N
train_ecg_00132,O
train_ecg_00133,N
train_ecg_00134,A
train_ecg_00135,O
train_ecg_00136,O
train_ecg_00137,A
train_ecg_00138,N
train_ecg_00139,N
train_ecg_00140,N
train_ecg_00141,O
train_ecg_00142,N
train_ecg_00143,N
train_ecg_00144,O
train_ecg_00145,N
train_ecg_00146,A
train_ecg_00147,A
train_ecg_00148,N
train_ecg_00149,N
train_ecg_00150,O
train_ecg_00151,N
train_ecg_00152,N
train_ecg_00153,O
train_ecg_00154,O
train_ecg_00155,N
train_ecg_00156,N
train_ecg_00157,O
train_ecg_00158,N
train_ecg_00159,O
train_ecg_00160,O
train_ecg_00161,N
train_ecg_00162,N
train_ecg_00163,O
train_ecg_00164,N
train_ecg_00165,O
train_ecg_00166,N
train_ecg_00167,N
train_ecg_00168,N
train_ecg_00169,O
train_ecg_00170,N
train_ecg_00171,N
train_ecg_00172,O
train_ecg_00173,N
train_ecg_00174,O
train_ecg_00175,N
train_ecg_00176,N
train_ecg_00177,N
train_ecg_00178,A
train_ecg_00179,A
train_ecg_00180,A
train_ecg_00181,O
train_ecg_00182,~
train_ecg_00183,N
train_ecg_00184,O
train_ecg_00185,O
train_ecg_00186,N
train_ecg_00187,N
train_ecg_00188,N
train_ecg_00189,N
train_ecg_00190,N
train_ecg_00191,A
train_ecg_00192,N
train_ecg_00193,A
train_ecg_00194,A
train_ecg_00195,N
train_ecg_00196,N
train_ecg_00197,N
train_ecg_00198,O
train_ecg_00199,N
train_ecg_00200,N
train_ecg_00201,O
train_ecg_00202,N
train_ecg_00203,O
train_ecg_00204,N
train_ecg_00205,A
train_ecg_00206,O
train_ecg_00207,N
train_ecg_00208,N
train_ecg_00209,N
train_ecg_00210,N
train_ecg_00211,O
train_ecg_00212,N
train_ecg_00213,N
train_ecg_00214,N
train_ecg_00215,N
train_ecg_00216,N
train_ecg_00217,N
train_ecg_00218,N
train_ecg_00219,O
train_ecg_00220,N
train_ecg_00221,N
train_ecg_00222,O
train_ecg_00223,O
train_ecg_00224,N
train_ecg_00225,N
train_ecg_00226,N
train_ecg_00227,N
train_ecg_00228,A
train_ecg_00229,N
train_ecg_00230,O
train_ecg_00231,N
train_ecg_00232,N
train_ecg_00233,O
train_ecg_00234,N
train_ecg_00235,N
train_ecg_00236,A
train_ecg_00237,N
train_ecg_00238,O
train_ecg_00239,N
train_ecg_00240,N
train_ecg_00241,N
train_ecg_00242,N
train_ecg_00243,N
train_ecg_00244,N
train_ecg_00245,O
train_ecg_00246,N
train_ecg_00247,N
train_ecg_00248,N
train_ecg_00249,N
train_ecg_00250,N
train_ecg_00251,N
train_ecg_00252,A
train_ecg_00253,O
train_ecg_00254,N
train_ecg_00255,O
train_ecg_00256,~
train_ecg_00257,N
train_ecg_00258,N
train_ecg_00259,N
train_ecg_00260,A
train_ecg_00261,N
train_ecg_00262,O
train_ecg_00263,N
train_ecg_00264,O
train_ecg_00265,O
train_ecg_00266,A
train_ecg_00267,A
train_ecg_00268,N
train_ecg_00269,O
train_ecg_00270,N
train_ecg_00271,N
train_ecg_00272,N
train_ecg_00273,N
train_ecg_00274,O
train_ecg_00275,O
train_ecg_00276,N
train_ecg_00277,N
train_ecg_00278,N
train_ecg_00279,O
train_ecg_00280,O
train_ecg_00281,N
train_ecg_00282,N
train_ecg_00283,N
train_ecg_00284,N
train_ecg_00285,N
train_ecg_00286,N
train_ecg_00287,N
train_ecg_00288,N
train_ecg_00289,N
train_ecg_00290,N
train_ecg_00291,A
train_ecg_00292,A
train_ecg_00293,O
train_ecg_00294,O
train_ecg_00295,N
train_ecg_00296,N
train_ecg_00297,O
train_ecg_00298,N
train_ecg_00299,O
train_ecg_00300,~
train_ecg_00301,N
train_ecg_00302,O
train_ecg_00303,N
train_ecg_00304,A
train_ecg_00305,N
train_ecg_00306,O
train_ecg_00307,N
train_ecg_00308,N
train_ecg_00309,N
train_ecg_00310,N
train_ecg_00311,N
train_ecg_00312,A
train_ecg_00313,~
train_ecg_00314,O
train_ecg_00315,A
train_ecg_00316,A
train_ecg_00317,~
train_ecg_00318,N
train_ecg_00319,N
train_ecg_00320,N
train_ecg_00321,O
train_ecg_00322,N
train_ecg_00323,N
train_ecg_00324,N
train_ecg_00325,N
train_ecg_00326,N
train_ecg_00327,A
train_ecg_00328,N
train_ecg_00329,A
train_ecg_00330,O
train_ecg_00331,O
train_ecg_00332,O
train_ecg_00333,N
train_ecg_00334,O
train_ecg_00335,A
train_ecg_00336,N
train_ecg_00337,O
train_ecg_00338,N
train_ecg_00339,N
train_ecg_00340,O
train_ecg_00341,N
train_ecg_00342,N
train_ecg_00343,N
train_ecg_00344,N
train_ecg_00345,N
train_ecg_00346,N
train_ecg_00347,O
train_ecg_00348,N
train_ecg_00349,N
train_ecg_00350,N
train_ecg_00351,O
train_ecg_00352,O
train_ecg_00353,N
train_ecg_00354,N
train_ecg_00355,A
train_ecg_00356,O
train_ecg_00357,N
train_ecg_00358,N
train_ecg_00359,A
train_ecg_00360,N
train_ecg_00361,N
train_ecg_00362,N
train_ecg_00363,N
train_ecg_00364,O
train_ecg_00365,N
train_ecg_00366,O
train_ecg_00367,A
train_ecg_00368,N
train_ecg_00369,N
train_ecg_00370,N
train_ecg_00371,~
train_ecg_00372,N
train_ecg_00373,N
train_ecg_00374,N
train_ecg_00375,~
train_ecg_00376,N
train_ecg_00377,N
train_ecg_00378,O
train_ecg_00379,N
train_ecg_00380,N
train_ecg_00381,O
train_ecg_00382,N
train_ecg_00383,N
train_ecg_00384,O
train_ecg_00385,O
train_ecg_00386,O
train_ecg_00387,O
train_ecg_00388,O
train_ecg_00389,O
train_ecg_00390,N
train_ecg_00391,O
train_ecg_00392,O
train_ecg_00393,O
train_ecg_00394,N
train_ecg_00395,N
train_ecg_00396,N
train_ecg_00397,N
train_ecg_00398,N
train_ecg_00399,N
train_ecg_00400,N
train_ecg_00401,N
train_ecg_00402,N
train_ecg_00403,A
train_ecg_00404,~
train_ecg_00405,O
train_ecg_00406,N
train_ecg_00407,N
train_ecg_00408,N
train_ecg_00409,O
train_ecg_00410,N
train_ecg_00411,N
train_ecg_00412,N
train_ecg_00413,N
train_ecg_00414,N
train_ecg_00415,O
train_ecg_00416,N
train_ecg_00417,N
train_ecg_00418,N
train_ecg_00419,N
train_ecg_00420,N
train_ecg_00421,N
train_ecg_00422,N
train_ecg_00423,N
train_ecg_00424,N
train_ecg_00425,N
train_ecg_00426,N
train_ecg_00427,O
train_ecg_00428,N
train_ecg_00429,N
train_ecg_00430,~
train_ecg_00431,N
train_ecg_00432,N
train_ecg_00433,N
train_ecg_00434,N
train_ecg_00435,O
train_ecg_00436,O
train_ecg_00437,N
train_ecg_00438,O
train_ecg_00439,N
train_ecg_00440,N
train_ecg_00441,N
train_ecg_00442,N
train_ecg_00443,A
train_ecg_00444,O
train_ecg_00445,N
train_ecg_00446,O
train_ecg_00447,N
train_ecg_00448,N
train_ecg_00449,O
train_ecg_00450,N
train_ecg_00451,N
train_ecg_00452,~
train_ecg_00453,A
train_ecg_00454,N
train_ecg_00455,N
train_ecg_00456,N
train_ecg_00457,A
train_ecg_00458,O
train_ecg_00459,N
train_ecg_00460,O
train_ecg_00461,N
train_ecg_00462,O
train_ecg_00463,N
train_ecg_00464,N
train_ecg_00465,O
train_ecg_00466,O
train_ecg_00467,N
train_ecg_00468,O
train_ecg_00469,N
train_ecg_00470,N
train_ecg_00471,N
train_ecg_00472,N
train_ecg_00473,N
train_ecg_00474,N
train_ecg_00475,O
train_ecg_00476,A
train_ecg_00477,O
train_ecg_00478,O
train_ecg_00479,N
train_ecg_00480,N
train_ecg_00481,N
train_ecg_00482,N
train_ecg_00483,N
train_ecg_00484,O
train_ecg_00485,N
train_ecg_00486,N
train_ecg_00487,A
train_ecg_00488,N
train_ecg_00489,N
train_ecg_00490,N
train_ecg_00491,N
train_ecg_00492,A
train_ecg_00493,N
train_ecg_00494,N
train_ecg_00495,N
train_ecg_00496,N
train_ecg_00497,N
train_ecg_00498,N
train_ecg_00499,N
train_ecg_00500,O
train_ecg_00501,A
train_ecg_00502,O
train_ecg_00503,O
train_ecg_00504,N
train_ecg_00505,O
train_ecg_00506,~
train_ecg_00507,N
train_ecg_00508,N
train_ecg_00509,O
train_ecg_00510,N
train_ecg_00511,O
train_ecg_00512,N
train_ecg_00513,O
train_ecg_00514,N
train_ecg_00515,N
train_ecg_00516,~
train_ecg_00517,O
train_ecg_00518,N
train_ecg_00519,N
train_ecg_00520,N
train_ecg_00521,N
train_ecg_00522,N
train_ecg_00523,O
train_ecg_00524,N
train_ecg_00525,N
train_ecg_00526,N
train_ecg_00527,N
train_ecg_00528,N
train_ecg_00529,N
train_ecg_00530,N
train_ecg_00531,A
train_ecg_00532,O
train_ecg_00533,N
train_ecg_00534,N
train_ecg_00535,N
train_ecg_00536,A
train_ecg_00537,N
train_ecg_00538,A
train_ecg_00539,N
train_ecg_00540,N
train_ecg_00541,O
train_ecg_00542,O
train_ecg_00543,N
train_ecg_00544,N
train_ecg_00545,~
train_ecg_00546,N
train_ecg_00547,N
train_ecg_00548,O
train_ecg_00549,N
train_ecg_00550,N
train_ecg_00551,~
train_ecg_00552,N
train_ecg_00553,N
train_ecg_00554,N
train_ecg_00555,N
train_ecg_00556,N
train_ecg_00557,N
train_ecg_00558,N
train_ecg_00559,O
train_ecg_00560,A
train_ecg_00561,N
train_ecg_00562,N
train_ecg_00563,A
train_ecg_00564,A
train_ecg_00565,A
train_ecg_00566,O
train_ecg_00567,O
train_ecg_00568,O
train_ecg_00569,N
train_ecg_00570,N
train_ecg_00571,N
train_ecg_00572,N
train_ecg_00573,N
train_ecg_00574,~
train_ecg_00575,O
train_ecg_00576,N
train_ecg_00577,O
train_ecg_00578,N
train_ecg_00579,N
train_ecg_00580,N
train_ecg_00581,O
train_ecg_00582,O
train_ecg_00583,A
train_ecg_00584,N
train_ecg_00585,O
train_ecg_00586,N
train_ecg_00587,O
train_ecg_00588,O
train_ecg_00589,N
train_ecg_00590,O
train_ecg_00591,N
train_ecg_00592,O
train_ecg_00593,O
train_ecg_00594,O
train_ecg_00595,N
train_ecg_00596,N
train_ecg_00597,O
train_ecg_00598,O
train_ecg_00599,O
train_ecg_00600,N
train_ecg_00601,N
train_ecg_00602,O
train_ecg_00603,N
train_ecg_00604,N
train_ecg_00605,N
train_ecg_00606,O
train_ecg_00607,O
train_ecg_00608,N
train_ecg_00609,N
train_ecg_00610,O
train_ecg_00611,O
train_ecg_00612,~
train_ecg_00613,N
train_ecg_00614,O
train_ecg_00615,O
train_ecg_00616,A
train_ecg_00617,N
train_ecg_00618,N
train_ecg_00619,N
train_ecg_00620,A
train_ecg_00621,O
train_ecg_00622,O
train_ecg_00623,N
train_ecg_00624,O
train_ecg_00625,N
train_ecg_00626,N
train_ecg_00627,N
train_ecg_00628,N
train_ecg_00629,N
train_ecg_00630,N
train_ecg_00631,N
train_ecg_00632,O
train_ecg_00633,A
train_ecg_00634,N
train_ecg_00635,N
train_ecg_00636,N
train_ecg_00637,N
train_ecg_00638,O
train_ecg_00639,N
train_ecg_00640,N
train_ecg_00641,N
train_ecg_00642,N
train_ecg_00643,O
train_ecg_00644,N
train_ecg_00645,N
train_ecg_00646,N
train_ecg_00647,N
train_ecg_00648,O
train_ecg_00649,A
train_ecg_00650,N
train_ecg_00651,N
train_ecg_00652,O
train_ecg_00653,~
train_ecg_00654,N
train_ecg_00655,N
train_ecg_00656,O
train_ecg_00657,O
train_ecg_00658,N
train_ecg_00659,O
train_ecg_00660,O
train_ecg_00661,O
train_ecg_00662,O
train_ecg_00663,~
train_ecg_00664,N
train_ecg_00665,O
train_ecg_00666,N
train_ecg_00667,A
train_ecg_00668,N
train_ecg_00669,N
train_ecg_00670,O
train_ecg_00671,N
train_ecg_00672,N
train_ecg_00673,N
train_ecg_00674,N
train_ecg_00675,O
train_ecg_00676,O
train_ecg_00677,N
train_ecg_00678,N
train_ecg_00679,N
train_ecg_00680,O
train_ecg_00681,O
train_ecg_00682,O
train_ecg_00683,N
train_ecg_00684,O
train_ecg_00685,O
train_ecg_00686,N
train_ecg_00687,N
train_ecg_00688,N
train_ecg_00689,O
train_ecg_00690,O
train_ecg_00691,~
train_ecg_00692,~
train_ecg_00693,N
train_ecg_00694,N
train_ecg_00695,N
train_ecg_00696,N
train_ecg_00697,O
train_ecg_00698,N
train_ecg_00699,O
train_ecg_00700,O
train_ecg_00701,O
train_ecg_00702,O
train_ecg_00703,N
train_ecg_00704,N
train_ecg_00705,A
train_ecg_00706,O
train_ecg_00707,O
train_ecg_00708,A
train_ecg_00709,O
train_ecg_00710,A
train_ecg_00711,N
train_ecg_00712,N
train_ecg_00713,A
train_ecg_00714,N
train_ecg_00715,N
train_ecg_00716,A
train_ecg_00717,N
train_ecg_00718,N
train_ecg_00719,N
train_ecg_00720,N
train_ecg_00721,N
train_ecg_00722,N
train_ecg_00723,O
train_ecg_00724,A
train_ecg_00725,O
train_ecg_00726,N
train_ecg_00727,N
train_ecg_00728,N
train_ecg_00729,A
train_ecg_00730,A
train_ecg_00731,N
train_ecg_00732,N
train_ecg_00733,A
train_ecg_00734,O
train_ecg_00735,A
train_ecg_00736,N
train_ecg_00737,A
train_ecg_00738,N
train_ecg_00739,N
train_ecg_00740,N
train_ecg_00741,N
train_ecg_00742,N
train_ecg_00743,N
train_ecg_00744,O
train_ecg_00745,N
train_ecg_00746,N
train_ecg_00747,N
train_ecg_00748,N
train_ecg_00749,N
train_ecg_00750,N
train_ecg_00751,N
train_ecg_00752,A
train_ecg_00753,N
train_ecg_00754,A
train_ecg_00755,A
train_ecg_00756,O
train_ecg_00757,N
train_ecg_00758,N
train_ecg_00759,N
train_ecg_00760,N
train_ecg_00761,N
train_ecg_00762,A
train_ecg_00763,N
train_ecg_00764,~
train_ecg_00765,A
train_ecg_00766,N
train_ecg_00767,~
train_ecg_00768,N
train_ecg_00769,N
train_ecg_00770,N
train_ecg_00771,A
train_ecg_00772,N
train_ecg_00773,N
train_ecg_00774,N
train_ecg_00775,N
train_ecg_00776,N
train_ecg_00777,N
train_ecg_00778,N
train_ecg_00779,N
train_ecg_00780,O
train_ecg_00781,N
train_ecg_00782,N
train_ecg_00783,O
train_ecg_00784,O
train_ecg_00785,O
train_ecg_00786,O
train_ecg_00787,O
train_ecg_00788,N
train_ecg_00789,N
train_ecg_00790,O
train_ecg_00791,N
train_ecg_00792,A
train_ecg_00793,O
train_ecg_00794,A
train_ecg_00795,N
train_ecg_00796,O
train_ecg_00797,N
train_ecg_00798,N
train_ecg_00799,N
train_ecg_00800,N
train_ecg_00801,N
train_ecg_00802,O
train_ecg_00803,N
train_ecg_00804,A
train_ecg_00805,N
train_ecg_00806,N
train_ecg_00807,O
train_ecg_00808,A
train_ecg_00809,N
train_ecg_00810,N
train_ecg_00811,A
train_ecg_00812,N
train_ecg_00813,A
train_ecg_00814,N
train_ecg_00815,N
train_ecg_00816,N
train_ecg_00817,O
train_ecg_00818,A
train_ecg_00819,N
train_ecg_00820,N
train_ecg_00821,O
train_ecg_00822,O
train_ecg_00823,O
train_ecg_00824,N
train_ecg_00825,O
train_ecg_00826,N
train_ecg_00827,N
train_ecg_00828,~
train_ecg_00829,N
train_ecg_00830,N
train_ecg_00831,N
train_ecg_00832,N
train_ecg_00833,N
train_ecg_00834,N
train_ecg_00835,N
train_ecg_00836,N
train_ecg_00837,O
train_ecg_00838,O
train_ecg_00839,N
train_ecg_00840,N
train_ecg_00841,N
train_ecg_00842,N
train_ecg_00843,N
train_ecg_00844,N
train_ecg_00845,N
train_ecg_00846,N
train_ecg_00847,N
train_ecg_00848,O
train_ecg_00849,N
train_ecg_00850,O
train_ecg_00851,O
train_ecg_00852,N
train_ecg_00853,O
train_ecg_00854,N
train_ecg_00855,N
train_ecg_00856,O
train_ecg_00857,A
train_ecg_00858,O
train_ecg_00859,O
train_ecg_00860,N
train_ecg_00861,N
train_ecg_00862,O
train_ecg_00863,N
train_ecg_00864,A
train_ecg_00865,N
train_ecg_00866,N
train_ecg_00867,O
train_ecg_00868,N
train_ecg_00869,N
train_ecg_00870,N
train_ecg_00871,N
train_ecg_00872,O
train_ecg_00873,N
train_ecg_00874,N
train_ecg_00875,O
train_ecg_00876,N
train_ecg_00877,N
train_ecg_00878,O
train_ecg_00879,N
train_ecg_00880,N
train_ecg_00881,N
train_ecg_00882,N
train_ecg_00883,N
train_ecg_00884,N
train_ecg_00885,N
train_ecg_00886,N
train_ecg_00887,N
train_ecg_00888,O
train_ecg_00889,N
train_ecg_00890,O
train_ecg_00891,N
train_ecg_00892,N
train_ecg_00893,O
train_ecg_00894,O
train_ecg_00895,O
train_ecg_00896,N
train_ecg_00897,N
train_ecg_00898,N
train_ecg_00899,N
train_ecg_00900,N
train_ecg_00901,O
train_ecg_00902,N
train_ecg_00903,O
train_ecg_00904,N
train_ecg_00905,N
train_ecg_00906,O
train_ecg_00907,O
train_ecg_00908,O
train_ecg_00909,~
train_ecg_00910,A
train_ecg_00911,N
train_ecg_00912,N
train_ecg_00913,N
train_ecg_00914,O
train_ecg_00915,N
train_ecg_00916,O
train_ecg_00917,~
train_ecg_00918,N
train_ecg_00919,N
train_ecg_00920,N
train_ecg_00921,O
train_ecg_00922,N
train_ecg_00923,N
train_ecg_00924,N
train_ecg_00925,O
train_ecg_00926,N
train_ecg_00927,N
train_ecg_00928,N
train_ecg_00929,N
train_ecg_00930,O
train_ecg_00931,N
train_ecg_00932,N
train_ecg_00933,N
train_ecg_00934,~
train_ecg_00935,O
train_ecg_00936,A
train_ecg_00937,N
train_ecg_00938,O
train_ecg_00939,O
train_ecg_00940,N
train_ecg_00941,N
train_ecg_00942,N
train_ecg_00943,O
train_ecg_00944,N
train_ecg_00945,A
train_ecg_00946,N
train_ecg_00947,A
train_ecg_00948,O
train_ecg_00949,N
train_ecg_00950,N
train_ecg_00951,O
train_ecg_00952,A
train_ecg_00953,N
train_ecg_00954,N
train_ecg_00955,A
train_ecg_00956,N
train_ecg_00957,N
train_ecg_00958,O
train_ecg_00959,N
train_ecg_00960,N
train_ecg_00961,N
train_ecg_00962,O
train_ecg_00963,N
train_ecg_00964,N
train_ecg_00965,N
train_ecg_00966,N
train_ecg_00967,N
train_ecg_00968,O
train_ecg_00969,O
train_ecg_00970,O
train_ecg_00971,N
train_ecg_00972,A
train_ecg_00973,N
train_ecg_00974,N
train_ecg_00975,O
train_ecg_00976,O
train_ecg_00977,A
train_ecg_00978,N
train_ecg_00979,N
train_ecg_00980,O
train_ecg_00981,N
train_ecg_00982,N
train_ecg_00983,N
train_ecg_00984,~
train_ecg_00985,O
train_ecg_00986,N
train_ecg_00987,N
train_ecg_00988,N
train_ecg_00989,A
train_ecg_00990,N
train_ecg_00991,O
train_ecg_00992,~
train_ecg_00993,O
train_ecg_00994,N
train_ecg_00995,N
train_ecg_00996,O
train_ecg_00997,N
train_ecg_00998,A
train_ecg_00999,N
train_ecg_01000,N
train_ecg_01001,N
train_ecg_01002,N
train_ecg_01003,N
train_ecg_01004,N
train_ecg_01005,O
train_ecg_01006,N
train_ecg_01007,O
train_ecg_01008,N
train_ecg_01009,N
train_ecg_01010,N
train_ecg_01011,O
train_ecg_01012,O
train_ecg_01013,N
train_ecg_01014,N
train_ecg_01015,N
train_ecg_01016,N
train_ecg_01017,N
train_ecg_01018,N
train_ecg_01019,O
train_ecg_01020,O
train_ecg_01021,N
train_ecg_01022,N
train_ecg_01023,O
train_ecg_01024,O
train_ecg_01025,N
train_ecg_01026,N
train_ecg_01027,N
train_ecg_01028,N
train_ecg_01029,O
train_ecg_01030,N
train_ecg_01031,A
train_ecg_01032,N
train_ecg_01033,N
train_ecg_01034,O
train_ecg_01035,N
train_ecg_01036,O
train_ecg_01037,N
train_ecg_01038,N
train_ecg_01039,N
train_ecg_01040,N
train_ecg_01041,N
train_ecg_01042,~
train_ecg_01043,O
train_ecg_01044,N
train_ecg_01045,N
train_ecg_01046,O
train_ecg_01047,N
train_ecg_01048,O
train_ecg_01049,O
train_ecg_01050,N
train_ecg_01051,O
train_ecg_01052,N
train_ecg_01053,N
train_ecg_01054,N
train_ecg_01055,O
train_ecg_01056,N
train_ecg_01057,N
train_ecg_01058,N
train_ecg_01059,~
train_ecg_01060,O
train_ecg_01061,N
train_ecg_01062,N
train_ecg_01063,O
train_ecg_01064,O
train_ecg_01065,N
train_ecg_01066,N
train_ecg_01067,N
train_ecg_01068,A
train_ecg_01069,A
train_ecg_01070,N
train_ecg_01071,~
train_ecg_01072,O
train_ecg_01073,N
train_ecg_01074,N
train_ecg_01075,N
train_ecg_01076,A
train_ecg_01077,N
train_ecg_01078,N
train_ecg_01079,N
train_ecg_01080,N
train_ecg_01081,N
train_ecg_01082,N
train_ecg_01083,N
train_ecg_01084,N
train_ecg_01085,N
train_ecg_01086,A
train_ecg_01087,N
train_ecg_01088,N
train_ecg_01089,A
train_ecg_01090,N
train_ecg_01091,N
train_ecg_01092,O
train_ecg_01093,N
train_ecg_01094,O
train_ecg_01095,O
train_ecg_01096,N
train_ecg_01097,N
train_ecg_01098,N
train_ecg_01099,N
train_ecg_01100,N
train_ecg_01101,N
train_ecg_01102,N
train_ecg_01103,N
train_ecg_01104,O
train_ecg_01105,O
train_ecg_01106,O
train_ecg_01107,N
train_ecg_01108,N
train_ecg_01109,O
train_ecg_01110,N
train_ecg_01111,A
train_ecg_01112,O
train_ecg_01113,~
train_ecg_01114,O
train_ecg_01115,N
train_ecg_01116,A
train_ecg_01117,A
train_ecg_01118,N
train_ecg_01119,O
train_ecg_01120,N
train_ecg_01121,O
train_ecg_01122,N
train_ecg_01123,N
train_ecg_01124,N
train_ecg_01125,N
train_ecg_01126,N
train_ecg_01127,N
train_ecg_01128,O
train_ecg_01129,N
train_ecg_01130,N
train_ecg_01131,O
train_ecg_01132,N
train_ecg_01133,N
train_ecg_01134,A
train_ecg_01135,N
train_ecg_01136,N
train_ecg_01137,N
train_ecg_01138,N
train_ecg_01139,N
train_ecg_01140,A
train_ecg_01141,~
train_ecg_01142,O
train_ecg_01143,O
train_ecg_01144,A
train_ecg_01145,N
train_ecg_01146,A
train_ecg_01147,A
train_ecg_01148,O
train_ecg_01149,N
train_ecg_01150,N
train_ecg_01151,A
train_ecg_01152,N
train_ecg_01153,N
train_ecg_01154,N
train_ecg_01155,N
train_ecg_01156,N
train_ecg_01157,O
train_ecg_01158,O
train_ecg_01159,N
train_ecg_01160,O
train_ecg_01161,N
train_ecg_01162,O
train_ecg_01163,O
train_ecg_01164,O
train_ecg_01165,N
train_ecg_01166,N
train_ecg_01167,O
train_ecg_01168,O
train_ecg_01169,O
train_ecg_01170,N
train_ecg_01171,N
train_ecg_01172,N
train_ecg_01173,A
train_ecg_01174,O
train_ecg_01175,O
train_ecg_01176,O
train_ecg_01177,O
train_ecg_01178,O
train_ecg_01179,N
train_ecg_01180,N
train_ecg_01181,N
train_ecg_01182,N
train_ecg_01183,N
train_ecg_01184,N
train_ecg_01185,A
train_ecg_01186,N
train_ecg_01187,O
train_ecg_01188,N
train_ecg_01189,N
train_ecg_01190,A
train_ecg_01191,N
train_ecg_01192,N
train_ecg_01193,A
train_ecg_01194,A
train_ecg_01195,O
train_ecg_01196,O
train_ecg_01197,O
train_ecg_01198,N
train_ecg_01199,A
train_ecg_01200,N
train_ecg_01201,A
train_ecg_01202,N
train_ecg_01203,O
train_ecg_01204,N
train_ecg_01205,A
train_ecg_01206,N
train_ecg_01207,O
train_ecg_01208,O
train_ecg_01209,N
train_ecg_01210,~
train_ecg_01211,O
train_ecg_01212,N
train_ecg_01213,O
train_ecg_01214,O
train_ecg_01215,N
train_ecg_01216,N
train_ecg_01217,O
train_ecg_01218,~
train_ecg_01219,N
train_ecg_01220,O
train_ecg_01221,O
train_ecg_01222,A
train_ecg_01223,N
train_ecg_01224,O
train_ecg_01225,N
train_ecg_01226,A
train_ecg_01227,N
train_ecg_01228,~
train_ecg_01229,N
train_ecg_01230,N
train_ecg_01231,O
train_ecg_01232,A
train_ecg_01233,N
train_ecg_01234,O
train_ecg_01235,N
train_ecg_01236,N
train_ecg_01237,O
train_ecg_01238,O
train_ecg_01239,A
train_ecg_01240,O
train_ecg_01241,O
train_ecg_01242,N
train_ecg_01243,N
train_ecg_01244,N
train_ecg_01245,N
train_ecg_01246,N
train_ecg_01247,N
train_ecg_01248,N
train_ecg_01249,O
train_ecg_01250,O
train_ecg_01251,N
train_ecg_01252,A
train_ecg_01253,N
train_ecg_01254,O
train_ecg_01255,N
train_ecg_01256,N
train_ecg_01257,N
train_ecg_01258,N
train_ecg_01259,N
train_ecg_01260,N
train_ecg_01261,N
train_ecg_01262,O
train_ecg_01263,A
train_ecg_01264,N
train_ecg_01265,A
train_ecg_01266,N
train_ecg_01267,N
train_ecg_01268,N
train_ecg_01269,O
train_ecg_01270,O
train_ecg_01271,A
train_ecg_01272,O
train_ecg_01273,N
train_ecg_01274,O
train_ecg_01275,N
train_ecg_01276,O
train_ecg_01277,O
train_ecg_01278,A
train_ecg_01279,O
train_ecg_01280,A
train_ecg_01281,O
train_ecg_01282,A
train_ecg_01283,N
train_ecg_01284,N
train_ecg_01285,N
train_ecg_01286,N
train_ecg_01287,~
train_ecg_01288,N
train_ecg_01289,N
train_ecg_01290,N
train_ecg_01291,N
train_ecg_01292,N
train_ecg_01293,O
train_ecg_01294,N
train_ecg_01295,N
train_ecg_01296,O
train_ecg_01297,O
train_ecg_01298,O
train_ecg_01299,O
train_ecg_01300,N
train_ecg_01301,A
train_ecg_01302,O
train_ecg_01303,N
train_ecg_01304,N
train_ecg_01305,N
train_ecg_01306,N
train_ecg_01307,N
train_ecg_01308,N
train_ecg_01309,O
train_ecg_01310,N
train_ecg_01311,N
train_ecg_01312,O
train_ecg_01313,N
train_ecg_01314,N
train_ecg_01315,N
train_ecg_01316,N
train_ecg_01317,N
train_ecg_01318,N
train_ecg_01319,O
train_ecg_01320,O
train_ecg_01321,O
train_ecg_01322,A
train_ecg_01323,N
train_ecg_01324,~
train_ecg_01325,N
train_ecg_01326,O
train_ecg_01327,O
train_ecg_01328,A
train_ecg_01329,N
train_ecg_01330,O
train_ecg_01331,N
train_ecg_01332,N
train_ecg_01333,N
train_ecg_01334,O
train_ecg_01335,N
train_ecg_01336,N
train_ecg_01337,~
train_ecg_01338,N
train_ecg_01339,N
train_ecg_01340,N
train_ecg_01341,N
train_ecg_01342,N
train_ecg_01343,N
train_ecg_01344,O
train_ecg_01345,O
train_ecg_01346,O
train_ecg_01347,~
train_ecg_01348,N
train_ecg_01349,A
train_ecg_01350,N
train_ecg_01351,N
train_ecg_01352,N
train_ecg_01353,A
train_ecg_01354,N
train_ecg_01355,N
train_ecg_01356,O
train_ecg_01357,N
train_ecg_01358,O
train_ecg_01359,N
train_ecg_01360,O
train_ecg_01361,N
train_ecg_01362,O
train_ecg_01363,N
train_ecg_01364,N
train_ecg_01365,N
train_ecg_01366,N
train_ecg_01367,N
train_ecg_01368,O
train_ecg_01369,N
train_ecg_01370,O
train_ecg_01371,O
train_ecg_01372,N
train_ecg_01373,A
train_ecg_01374,N
train_ecg_01375,~
train_ecg_01376,N
train_ecg_01377,A
train_ecg_01378,O
train_ecg_01379,A
train_ecg_01380,N
train_ecg_01381,N
train_ecg_01382,O
train_ecg_01383,N
train_ecg_01384,O
train_ecg_01385,O
train_ecg_01386,O
train_ecg_01387,N
train_ecg_01388,A
train_ecg_01389,N
train_ecg_01390,A
train_ecg_01391,N
train_ecg_01392,N
train_ecg_01393,N
train_ecg_01394,O
train_ecg_01395,O
train_ecg_01396,N
train_ecg_01397,A
train_ecg_01398,N
train_ecg_01399,N
train_ecg_01400,N
train_ecg_01401,O
train_ecg_01402,O
train_ecg_01403,O
train_ecg_01404,N
train_ecg_01405,O
train_ecg_01406,A
train_ecg_01407,N
train_ecg_01408,O
train_ecg_01409,O
train_ecg_01410,N
train_ecg_01411,O
train_ecg_01412,N
train_ecg_01413,N
train_ecg_01414,N
train_ecg_01415,N
train_ecg_01416,O
train_ecg_01417,N
train_ecg_01418,N
train_ecg_01419,N
train_ecg_01420,O
train_ecg_01421,N
train_ecg_01422,N
train_ecg_01423,O
train_ecg_01424,N
train_ecg_01425,N
train_ecg_01426,O
train_ecg_01427,O
train_ecg_01428,N
train_ecg_01429,O
train_ecg_01430,N
train_ecg_01431,N
train_ecg_01432,N
train_ecg_01433,N
train_ecg_01434,O
train_ecg_01435,N
train_ecg_01436,N
train_ecg_01437,O
train_ecg_01438,N
train_ecg_01439,N
train_ecg_01440,A
train_ecg_01441,N
train_ecg_01442,N
train_ecg_01443,N
train_ecg_01444,O
train_ecg_01445,N
train_ecg_01446,O
train_ecg_01447,N
train_ecg_01448,O
train_ecg_01449,O
train_ecg_01450,O
train_ecg_01451,N
train_ecg_01452,O
train_ecg_01453,N
train_ecg_01454,A
train_ecg_01455,O
train_ecg_01456,N
train_ecg_01457,O
train_ecg_01458,N
train_ecg_01459,A
train_ecg_01460,N
train_ecg_01461,N
train_ecg_01462,N
train_ecg_01463,N
train_ecg_01464,N
train_ecg_01465,N
train_ecg_01466,N
train_ecg_01467,N
train_ecg_01468,N
train_ecg_01469,N
train_ecg_01470,N
train_ecg_01471,O
train_ecg_01472,A
train_ecg_01473,O
train_ecg_01474,N
train_ecg_01475,N
train_ecg_01476,N
train_ecg_01477,N
train_ecg_01478,N
train_ecg_01479,N
train_ecg_01480,N
train_ecg_01481,N
train_ecg_01482,O
train_ecg_01483,O
train_ecg_01484,N
train_ecg_01485,A
train_ecg_01486,~
train_ecg_01487,N
train_ecg_01488,N
train_ecg_01489,N
train_ecg_01490,A
train_ecg_01491,O
train_ecg_01492,N
train_ecg_01493,O
train_ecg_01494,N
train_ecg_01495,O
train_ecg_01496,N
train_ecg_01497,N
train_ecg_01498,N
train_ecg_01499,N
train_ecg_01500,N
train_ecg_01501,O
train_ecg_01502,A
train_ecg_01503,N
train_ecg_01504,A
train_ecg_01505,N
train_ecg_01506,N
train_ecg_01507,N
train_ecg_01508,N
train_ecg_01509,O
train_ecg_01510,N
train_ecg_01511,N
train_ecg_01512,O
train_ecg_01513,O
train_ecg_01514,N
train_ecg_01515,O
train_ecg_01516,N
train_ecg_01517,N
train_ecg_01518,N
train_ecg_01519,N
train_ecg_01520,N
train_ecg_01521,N
train_ecg_01522,O
train_ecg_01523,N
train_ecg_01524,N
train_ecg_01525,O
train_ecg_01526,N
train_ecg_01527,N
train_ecg_01528,N
train_ecg_01529,N
train_ecg_01530,~
train_ecg_01531,N
train_ecg_01532,O
train_ecg_01533,N
train_ecg_01534,N
train_ecg_01535,O
train_ecg_01536,N
train_ecg_01537,O
train_ecg_01538,N
train_ecg_01539,O
train_ecg_01540,O
train_ecg_01541,O
train_ecg_01542,N
train_ecg_01543,~
train_ecg_01544,N
train_ecg_01545,N
train_ecg_01546,O
train_ecg_01547,O
train_ecg_01548,N
train_ecg_01549,N
train_ecg_01550,O
train_ecg_01551,O
train_ecg_01552,N
train_ecg_01553,N
train_ecg_01554,O
train_ecg_01555,N
train_ecg_01556,N
train_ecg_01557,N
train_ecg_01558,~
train_ecg_01559,N
train_ecg_01560,O
train_ecg_01561,N
train_ecg_01562,N
train_ecg_01563,N
train_ecg_01564,O
train_ecg_01565,O
train_ecg_01566,N
train_ecg_01567,N
train_ecg_01568,N
train_ecg_01569,N
train_ecg_01570,N
train_ecg_01571,N
train_ecg_01572,N
train_ecg_01573,O
train_ecg_01574,N
train_ecg_01575,O
train_ecg_01576,N
train_ecg_01577,O
train_ecg_01578,N
train_ecg_01579,N
train_ecg_01580,N
train_ecg_01581,N
train_ecg_01582,A
train_ecg_01583,N
train_ecg_01584,N
train_ecg_01585,O
train_ecg_01586,N
train_ecg_01587,N
train_ecg_01588,N
train_ecg_01589,N
train_ecg_01590,N
train_ecg_01591,N
train_ecg_01592,O
train_ecg_01593,O
train_ecg_01594,N
train_ecg_01595,N
train_ecg_01596,O
train_ecg_01597,N
train_ecg_01598,N
train_ecg_01599,N
train_ecg_01600,A
train_ecg_01601,O
train_ecg_01602,N
train_ecg_01603,N
train_ecg_01604,N
train_ecg_01605,N
train_ecg_01606,N
train_ecg_01607,N
train_ecg_01608,N
train_ecg_01609,O
train_ecg_01610,O
train_ecg_01611,N
train_ecg_01612,A
train_ecg_01613,N
train_ecg_01614,N
train_ecg_01615,N
train_ecg_01616,N
train_ecg_01617,O
train_ecg_01618,O
train_ecg_01619,N
train_ecg_01620,N
train_ecg_01621,N
train_ecg_01622,N
train_ecg_01623,N
train_ecg_01624,O
train_ecg_01625,N
train_ecg_01626,O
train_ecg_01627,N
train_ecg_01628,A
train_ecg_01629,N
train_ecg_01630,N
train_ecg_01631,O
train_ecg_01632,O
train_ecg_01633,N
train_ecg_01634,A
train_ecg_01635,O
train_ecg_01636,O
train_ecg_01637,N
train_ecg_01638,O
train_ecg_01639,N
train_ecg_01640,O
train_ecg_01641,N
train_ecg_01642,N
train_ecg_01643,N
train_ecg_01644,N
train_ecg_01645,N
train_ecg_01646,N
train_ecg_01647,N
train_ecg_01648,N
train_ecg_01649,O
train_ecg_01650,A
train_ecg_01651,N
train_ecg_01652,N
train_ecg_01653,N
train_ecg_01654,N
train_ecg_01655,N
train_ecg_01656,N
train_ecg_01657,O
train_ecg_01658,N
train_ecg_01659,N
train_ecg_01660,N
train_ecg_01661,N
train_ecg_01662,N
train_ecg_01663,O
train_ecg_01664,N
train_ecg_01665,N
train_ecg_01666,O
train_ecg_01667,N
train_ecg_01668,~
train_ecg_01669,N
train_ecg_01670,N
train_ecg_01671,O
train_ecg_01672,N
train_ecg_01673,N
train_ecg_01674,N
train_ecg_01675,A
train_ecg_01676,O
train_ecg_01677,N
train_ecg_01678,N
train_ecg_01679,N
train_ecg_01680,N
train_ecg_01681,N
train_ecg_01682,N
train_ecg_01683,N
train_ecg_01684,N
train_ecg_01685,A
train_ecg_01686,O
train_ecg_01687,N
train_ecg_01688,N
train_ecg_01689,O
train_ecg_01690,~
train_ecg_01691,N
train_ecg_01692,O
train_ecg_01693,N
train_ecg_01694,O
train_ecg_01695,N
train_ecg_01696,N
train_ecg_01697,N
train_ecg_01698,N
train_ecg_01699,N
train_ecg_01700,N
train_ecg_01701,A
train_ecg_01702,A
train_ecg_01703,O
train_ecg_01704,O
train_ecg_01705,N
train_ecg_01706,O
train_ecg_01707,N
train_ecg_01708,N
train_ecg_01709,N
train_ecg_01710,A
train_ecg_01711,N
train_ecg_01712,N
train_ecg_01713,N
train_ecg_01714,N
train_ecg_01715,N
train_ecg_01716,~
train_ecg_01717,N
train_ecg_01718,N
train_ecg_01719,N
train_ecg_01720,N
train_ecg_01721,O
train_ecg_01722,N
train_ecg_01723,N
train_ecg_01724,O
train_ecg_01725,N
train_ecg_01726,O
train_ecg_01727,A
train_ecg_01728,O
train_ecg_01729,N
train_ecg_01730,O
train_ecg_01731,O
train_ecg_01732,O
train_ecg_01733,O
train_ecg_01734,A
train_ecg_01735,N
train_ecg_01736,O
train_ecg_01737,N
train_ecg_01738,N
train_ecg_01739,O
train_ecg_01740,O
train_ecg_01741,A
train_ecg_01742,N
train_ecg_01743,A
train_ecg_01744,O
train_ecg_01745,O
train_ecg_01746,O
train_ecg_01747,N
train_ecg_01748,N
train_ecg_01749,A
train_ecg_01750,O
train_ecg_01751,A
train_ecg_01752,N
train_ecg_01753,N
train_ecg_01754,O
train_ecg_01755,O
train_ecg_01756,O
train_ecg_01757,N
train_ecg_01758,O
train_ecg_01759,N
train_ecg_01760,A
train_ecg_01761,O
train_ecg_01762,N
train_ecg_01763,N
train_ecg_01764,N
train_ecg_01765,O
train_ecg_01766,N
train_ecg_01767,O
train_ecg_01768,N
train_ecg_01769,N
train_ecg_01770,O
train_ecg_01771,O
train_ecg_01772,N
train_ecg_01773,N
train_ecg_01774,N
train_ecg_01775,O
train_ecg_01776,O
train_ecg_01777,~
train_ecg_01778,N
train_ecg_01779,N
train_ecg_01780,O
train_ecg_01781,O
train_ecg_01782,N
train_ecg_01783,O
train_ecg_01784,N
train_ecg_01785,A
train_ecg_01786,O
train_ecg_01787,O
train_ecg_01788,O
train_ecg_01789,O
train_ecg_01790,N
train_ecg_01791,N
train_ecg_01792,N
train_ecg_01793,O
train_ecg_01794,O
train_ecg_01795,O
train_ecg_01796,N
train_ecg_01797,N
train_ecg_01798,N
train_ecg_01799,N
train_ecg_01800,O
train_ecg_01801,O
train_ecg_01802,O
train_ecg_01803,O
train_ecg_01804,A
train_ecg_01805,N
train_ecg_01806,N
train_ecg_01807,O
train_ecg_01808,N
train_ecg_01809,N
train_ecg_01810,O
train_ecg_01811,O
train_ecg_01812,O
train_ecg_01813,N
train_ecg_01814,N
train_ecg_01815,N
train_ecg_01816,N
train_ecg_01817,N
train_ecg_01818,N
train_ecg_01819,O
train_ecg_01820,N
train_ecg_01821,N
train_ecg_01822,O
train_ecg_01823,A
train_ecg_01824,N
train_ecg_01825,N
train_ecg_01826,N
train_ecg_01827,N
train_ecg_01828,N
train_ecg_01829,A
train_ecg_01830,A
train_ecg_01831,O
train_ecg_01832,O
train_ecg_01833,N
train_ecg_01834,N
train_ecg_01835,N
train_ecg_01836,N
train_ecg_01837,N
train_ecg_01838,O
train_ecg_01839,N
train_ecg_01840,O
train_ecg_01841,N
train_ecg_01842,O
train_ecg_01843,O
train_ecg_01844,N
train_ecg_01845,N
train_ecg_01846,N
train_ecg_01847,O
train_ecg_01848,N
train_ecg_01849,A
train_ecg_01850,N
train_ecg_01851,O
train_ecg_01852,N
train_ecg_01853,N
train_ecg_01854,N
train_ecg_01855,A
train_ecg_01856,A
train_ecg_01857,N
train_ecg_01858,N
train_ecg_01859,N
train_ecg_01860,O
train_ecg_01861,O
train_ecg_01862,A
train_ecg_01863,O
train_ecg_01864,N
train_ecg_01865,O
train_ecg_01866,O
train_ecg_01867,N
train_ecg_01868,N
train_ecg_01869,N
train_ecg_01870,A
train_ecg_01871,O
train_ecg_01872,N
train_ecg_01873,N
train_ecg_01874,N
train_ecg_01875,N
train_ecg_01876,N
train_ecg_01877,N
train_ecg_01878,O
train_ecg_01879,N
train_ecg_01880,N
train_ecg_01881,N
train_ecg_01882,O
train_ecg_01883,N
train_ecg_01884,O
train_ecg_01885,N
train_ecg_01886,O
train_ecg_01887,O
train_ecg_01888,N
train_ecg_01889,O
train_ecg_01890,N
train_ecg_01891,A
train_ecg_01892,N
train_ecg_01893,O
train_ecg_01894,N
train_ecg_01895,N
train_ecg_01896,N
train_ecg_01897,N
train_ecg_01898,A
train_ecg_01899,N
train_ecg_01900,O
train_ecg_01901,O
train_ecg_01902,N
train_ecg_01903,N
train_ecg_01904,O
train_ecg_01905,~
train_ecg_01906,O
train_ecg_01907,N
train_ecg_01908,N
train_ecg_01909,N
train_ecg_01910,N
train_ecg_01911,N
train_ecg_01912,O
train_ecg_01913,O
train_ecg_01914,N
train_ecg_01915,A
train_ecg_01916,N
train_ecg_01917,O
train_ecg_01918,N
train_ecg_01919,N
train_ecg_01920,N
train_ecg_01921,~
train_ecg_01922,N
train_ecg_01923,O
train_ecg_01924,N
train_ecg_01925,N
train_ecg_01926,N
train_ecg_01927,N
train_ecg_01928,N
train_ecg_01929,N
train_ecg_01930,N
train_ecg_01931,~
train_ecg_01932,N
train_ecg_01933,N
train_ecg_01934,~
train_ecg_01935,O
train_ecg_01936,O
train_ecg_01937,O
train_ecg_01938,O
train_ecg_01939,O
train_ecg_01940,N
train_ecg_01941,N
train_ecg_01942,N
train_ecg_01943,O
train_ecg_01944,A
train_ecg_01945,N
train_ecg_01946,N
train_ecg_01947,O
train_ecg_01948,N
train_ecg_01949,~
train_ecg_01950,N
train_ecg_01951,N
train_ecg_01952,N
train_ecg_01953,N
train_ecg_01954,N
train_ecg_01955,A
train_ecg_01956,N
train_ecg_01957,N
train_ecg_01958,N
train_ecg_01959,N
train_ecg_01960,N
train_ecg_01961,O
train_ecg_01962,N
train_ecg_01963,N
train_ecg_01964,O
train_ecg_01965,A
train_ecg_01966,O
train_ecg_01967,N
train_ecg_01968,N
train_ecg_01969,N
train_ecg_01970,O
train_ecg_01971,O
train_ecg_01972,N
train_ecg_01973,O
train_ecg_01974,N
train_ecg_01975,A
train_ecg_01976,N
train_ecg_01977,O
train_ecg_01978,N
train_ecg_01979,~
train_ecg_01980,N
train_ecg_01981,N
train_ecg_01982,N
train_ecg_01983,N
train_ecg_01984,N
train_ecg_01985,N
train_ecg_01986,N
train_ecg_01987,N
train_ecg_01988,N
train_ecg_01989,N
train_ecg_01990,O
train_ecg_01991,N
train_ecg_01992,N
train_ecg_01993,N
train_ecg_01994,N
train_ecg_01995,N
train_ecg_01996,N
train_ecg_01997,~
train_ecg_01998,N
train_ecg_01999,N
train_ecg_02000,O
train_ecg_02001,N
train_ecg_02002,N
train_ecg_02003,N
train_ecg_02004,N
train_ecg_02005,N
train_ecg_02006,O
train_ecg_02007,N
train_ecg_02008,N
train_ecg_02009,N
train_ecg_02010,N
train_ecg_02011,A
train_ecg_02012,O
train_ecg_02013,N
train_ecg_02014,N
train_ecg_02015,N
train_ecg_02016,N
train_ecg_02017,N
train_ecg_02018,N
train_ecg_02019,N
train_ecg_02020,N
train_ecg_02021,N
train_ecg_02022,O
train_ecg_02023,N
train_ecg_02024,O
train_ecg_02025,A
train_ecg_02026,N
train_ecg_02027,O
train_ecg_02028,N
train_ecg_02029,N
train_ecg_02030,N
train_ecg_02031,N
train_ecg_02032,N
train_ecg_02033,O
train_ecg_02034,N
train_ecg_02035,N
train_ecg_02036,N
train_ecg_02037,N
train_ecg_02038,O
train_ecg_02039,N
train_ecg_02040,N
train_ecg_02041,O
train_ecg_02042,N
train_ecg_02043,N
train_ecg_02044,N
train_ecg_02045,O
train_ecg_02046,N
train_ecg_02047,N
train_ecg_02048,N
train_ecg_02049,N
train_ecg_02050,N
train_ecg_02051,N
train_ecg_02052,O
train_ecg_02053,N
train_ecg_02054,O
train_ecg_02055,A
train_ecg_02056,O
train_ecg_02057,O
train_ecg_02058,N
train_ecg_02059,N
train_ecg_02060,A
train_ecg_02061,O
train_ecg_02062,N
train_ecg_02063,N
train_ecg_02064,N
train_ecg_02065,N
train_ecg_02066,N
train_ecg_02067,O
train_ecg_02068,O
train_ecg_02069,N
train_ecg_02070,N
train_ecg_02071,O
train_ecg_02072,O
train_ecg_02073,~
train_ecg_02074,N
train_ecg_02075,O
train_ecg_02076,O
train_ecg_02077,O
train_ecg_02078,O
train_ecg_02079,O
train_ecg_02080,N
train_ecg_02081,O
train_ecg_02082,N
train_ecg_02083,O
train_ecg_02084,N
train_ecg_02085,N
train_ecg_02086,N
train_ecg_02087,A
train_ecg_02088,O
train_ecg_02089,O
train_ecg_02090,O
train_ecg_02091,N
train_ecg_02092,N
train_ecg_02093,N
train_ecg_02094,O
train_ecg_02095,N
train_ecg_02096,N
train_ecg_02097,N
train_ecg_02098,N
train_ecg_02099,A
train_ecg_02100,O
train_ecg_02101,O
train_ecg_02102,A
train_ecg_02103,N
train_ecg_02104,N
train_ecg_02105,N
train_ecg_02106,N
train_ecg_02107,O
train_ecg_02108,N
train_ecg_02109,A
train_ecg_02110,N
train_ecg_02111,N
train_ecg_02112,A
train_ecg_02113,N
train_ecg_02114,O
train_ecg_02115,N
train_ecg_02116,~
train_ecg_02120,A
train_ecg_02122,A
train_ecg_02123,O
train_ecg_02128,O
train_ecg_02129,A
train_ecg_02132,O
train_ecg_02136,O
train_ecg_02138,O
train_ecg_02140,O
train_ecg_02141,O
train_ecg_02144,A
train_ecg_02148,O
train_ecg_02150,O
train_ecg_02153,A
train_ecg_02154,A
train_ecg_02155,~
train_ecg_02157,O
train_ecg_02158,O
train_ecg_02165,A
train_ecg_02166,O
train_ecg_02167,O
train_ecg_02168,O
train_ecg_02170,O
train_ecg_02173,O
train_ecg_02175,A
train_ecg_02176,O
train_ecg_02177,O
train_ecg_02179,O
train_ecg_02180,O
train_ecg_02181,O
train_ecg_02191,O
train_ecg_02192,O
train_ecg_02195,O
train_ecg_02201,A
train_ecg_02203,O
train_ecg_02204,O
train_ecg_02206,~
train_ecg_02213,O
train_ecg_02217,O
train_ecg_02218,A
train_ecg_02222,O
train_ecg_02226,O
train_ecg_02231,O
train_ecg_02233,A
train_ecg_02236,O
train_ecg_02242,O
train_ecg_02243,~
train_ecg_02245,O
train_ecg_02246,O
train_ecg_02250,O
train_ecg_02251,O
train_ecg_02252,A
train_ecg_02258,O
train_ecg_02267,O
train_ecg_02268,O
train_ecg_02270,A
train_ecg_02274,O
train_ecg_02275,O
train_ecg_02276,O
train_ecg_02277,O
train_ecg_02279,O
train_ecg_02281,O
train_ecg_02282,A
train_ecg_02289,A
train_ecg_02290,O
train_ecg_02292,O
train_ecg_02293,A
train_ecg_02295,O
train_ecg_02296,~
train_ecg_02297,O
train_ecg_02298,O
train_ecg_02301,O
train_ecg_02303,O
train_ecg_02304,O
train_ecg_02305,O
train_ecg_02306,O
train_ecg_02307,~
train_ecg_02309,O
train_ecg_02317,O
train_ecg_02319,O
train_ecg_02321,O
train_ecg_02322,O
train_ecg_02323,O
train_ecg_02325,O
train_ecg_02329,O
train_ecg_02334,O
train_ecg_02335,A
train_ecg_02336,O
train_ecg_02342,O
train_ecg_02344,O
train_ecg_02347,O
train_ecg_02350,O
train_ecg_02351,O
train_ecg_02352,O
train_ecg_02354,O
train_ecg_02363,A
train_ecg_02366,A
train_ecg_02367,O
train_ecg_02369,O
train_ecg_02370,A
train_ecg_02371,O
train_ecg_02373,O
train_ecg_02376,A
train_ecg_02380,O
train_ecg_02382,O
train_ecg_02384,O
train_ecg_02385,O
train_ecg_02397,O
train_ecg_02401,O
train_ecg_02402,O
train_ecg_02403,A
train_ecg_02404,O
train_ecg_02405,O
train_ecg_02406,O
train_ecg_02411,A
train_ecg_02413,O
train_ecg_02414,A
train_ecg_02415,~
train_ecg_02418,O
train_ecg_02420,O
train_ecg_02422,O
train_ecg_02424,O
train_ecg_02428,O
train_ecg_02433,O
train_ecg_02435,O
train_ecg_02436,O
train_ecg_02439,O
train_ecg_02440,~
train_ecg_02441,O
train_ecg_02442,O
train_ecg_02444,O
train_ecg_02446,O
train_ecg_02448,~
train_ecg_02450,O
train_ecg_02453,O
train_ecg_02456,O
train_ecg_02459,O
train_ecg_02463,O
train_ecg_02464,A
train_ecg_02469,O
train_ecg_02471,A
train_ecg_02472,O
train_ecg_02476,O
train_ecg_02478,O
train_ecg_02485,O
train_ecg_02486,O
train_ecg_02488,O
train_ecg_02489,A
train_ecg_02490,O
train_ecg_02494,O
train_ecg_02495,O
train_ecg_02497,O
train_ecg_02499,O
train_ecg_02500,O
train_ecg_02502,O
train_ecg_02503,~
train_ecg_02504,O
train_ecg_02506,O
train_ecg_02507,O
train_ecg_02513,O
train_ecg_02515,A
train_ecg_02519,O
train_ecg_02521,O
train_ecg_02522,O
train_ecg_02523,A
train_ecg_02525,O
train_ecg_02527,O
train_ecg_02533,A
train_ecg_02534,A
train_ecg_02535,~
train_ecg_02538,O
train_ecg_02540,A
train_ecg_02542,O
train_ecg_02546,O
train_ecg_02547,O
train_ecg_02548,O
train_ecg_02549,O
train_ecg_02550,A
train_ecg_02556,O
train_ecg_02557,O
train_ecg_02559,O
train_ecg_02560,O
train_ecg_02564,O
train_ecg_02565,O
train_ecg_02570,O
train_ecg_02571,O
train_ecg_02573,O
train_ecg_02574,O
train_ecg_02577,O
train_ecg_02579,O
train_ecg_02583,O
train_ecg_02584,O
train_ecg_02585,O
train_ecg_02587,O
train_ecg_02590,O
train_ecg_02591,O
train_ecg_02593,O
train_ecg_02594,A
train_ecg_02595,A
train_ecg_02596,O
train_ecg_02597,O
train_ecg_02598,O
train_ecg_02599,O
train_ecg_02601,O
train_ecg_02604,~
train_ecg_02606,~
train_ecg_02610,O
train_ecg_02611,O
train_ecg_02615,O
train_ecg_02616,O
train_ecg_02618,O
train_ecg_02619,~
train_ecg_02623,O
train_ecg_02627,O
train_ecg_02632,O
train_ecg_02635,O
train_ecg_02636,O
train_ecg_02639,A
train_ecg_02642,A
train_ecg_02643,O
train_ecg_02647,O
train_ecg_02648,~
train_ecg_02650,O
train_ecg_02653,O
train_ecg_02654,~
train_ecg_02658,O
train_ecg_02659,O
train_ecg_02660,A
train_ecg_02661,O
train_ecg_02665,O
train_ecg_02666,O
train_ecg_02667,A
train_ecg_02668,~
train_ecg_02669,O
train_ecg_02674,A
train_ecg_02677,O
train_ecg_02679,O
train_ecg_02680,O
train_ecg_02687,O
train_ecg_02688,O
train_ecg_02689,O
train_ecg_02691,O
train_ecg_02692,O
train_ecg_02693,O
train_ecg_02694,O
train_ecg_02695,A
train_ecg_02697,A
train_ecg_02698,A
train_ecg_02704,A
train_ecg_02706,O
train_ecg_02708,~
train_ecg_02715,O
train_ecg_02717,O
train_ecg_02719,~
train_ecg_02720,A
train_ecg_02724,O
train_ecg_02725,O
train_ecg_02728,A
train_ecg_02735,O
train_ecg_02737,O
train_ecg_02742,O
train_ecg_02744,O
train_ecg_02745,O
train_ecg_02749,O
train_ecg_02750,A
train_ecg_02751,O
train_ecg_02759,O
train_ecg_02761,O
train_ecg_02763,O
train_ecg_02769,O
train_ecg_02770,A
train_ecg_02771,O
train_ecg_02772,O
train_ecg_02774,A
train_ecg_02780,O
train_ecg_02781,O
train_ecg_02783,A
train_ecg_02784,~
train_ecg_02787,~
train_ecg_02791,O
train_ecg_02793,O
train_ecg_02797,O
train_ecg_02798,O
train_ecg_02800,O
train_ecg_02802,O
train_ecg_02804,O
train_ecg_02810,O
train_ecg_02812,A
train_ecg_02815,O
train_ecg_02817,O
train_ecg_02818,O
train_ecg_02820,~
train_ecg_02823,A
train_ecg_02827,O
train_ecg_02830,O
train_ecg_02832,O
train_ecg_02834,O
train_ecg_02840,~
train_ecg_02841,~
train_ecg_02844,O
train_ecg_02845,O
train_ecg_02848,O
train_ecg_02850,O
train_ecg_02856,A
train_ecg_02857,O
train_ecg_02858,O
train_ecg_02860,A
train_ecg_02861,O
train_ecg_02862,O
train_ecg_02864,O
train_ecg_02867,O
train_ecg_02869,A
train_ecg_02872,O
train_ecg_02876,O
train_ecg_02877,O
train_ecg_02878,A
train_ecg_02880,O
train_ecg_02884,O
train_ecg_02886,O
train_ecg_02887,O
train_ecg_02888,~
train_ecg_02890,O
train_ecg_02892,O
train_ecg_02895,A
train_ecg_02896,O
train_ecg_02897,O
train_ecg_02902,O
train_ecg_02906,O
train_ecg_02907,O
train_ecg_02910,O
train_ecg_02912,A
train_ecg_02913,A
train_ecg_02916,O
train_ecg_02917,O
train_ecg_02919,O
train_ecg_02923,O
train_ecg_02924,A
train_ecg_02926,O
train_ecg_02927,O
train_ecg_02928,O
train_ecg_02931,A
train_ecg_02935,O
train_ecg_02938,~
train_ecg_02939,O
train_ecg_02941,O
train_ecg_02945,O
train_ecg_02947,A
train_ecg_02949,O
train_ecg_02950,A
train_ecg_02952,O
train_ecg_02955,O
train_ecg_02959,O
train_ecg_02960,O
train_ecg_02963,O
train_ecg_02964,O
train_ecg_02965,O
train_ecg_02968,A
train_ecg_02970,O
train_ecg_02971,O
train_ecg_02983,O
train_ecg_02987,O
train_ecg_02991,O
train_ecg_02996,~
train_ecg_02997,O
train_ecg_03002,O
train_ecg_03003,O
train_ecg_03005,A
train_ecg_03006,A
train_ecg_03011,~
train_ecg_03014,O
train_ecg_03015,O
train_ecg_03016,A
train_ecg_03017,O
train_ecg_03021,O
train_ecg_03022,O
train_ecg_03026,A
train_ecg_03027,O
train_ecg_03032,O
train_ecg_03039,O
train_ecg_03041,A
train_ecg_03046,O
train_ecg_03049,O
train_ecg_03054,O
train_ecg_03057,A
train_ecg_03058,O
train_ecg_03069,~
train_ecg_03073,O
train_ecg_03074,O
train_ecg_03075,O
train_ecg_03077,A
train_ecg_03078,O
train_ecg_03079,O
train_ecg_03082,O
train_ecg_03083,O
train_ecg_03092,O
train_ecg_03096,O
train_ecg_03098,A
train_ecg_03100,A
train_ecg_03101,O
train_ecg_03108,O
train_ecg_03111,O
train_ecg_03114,O
train_ecg_03117,O
train_ecg_03118,O
train_ecg_03121,O
train_ecg_03125,O
train_ecg_03131,O
train_ecg_03133,O
train_ecg_03134,A
train_ecg_03136,A
train_ecg_03137,O
train_ecg_03138,O
train_ecg_03143,O
train_ecg_03144,O
train_ecg_03146,O
train_ecg_03147,O
train_ecg_03151,A
train_ecg_03153,A
train_ecg_03154,A
train_ecg_03156,O
train_ecg_03159,O
train_ecg_03163,O
train_ecg_03165,O
train_ecg_03167,A
train_ecg_03173,O
train_ecg_03174,O
train_ecg_03177,O
train_ecg_03179,O
train_ecg_03184,O
train_ecg_03189,O
train_ecg_03192,A
train_ecg_03193,O
train_ecg_03194,O
train_ecg_03200,O
train_ecg_03201,O
train_ecg_03205,O
train_ecg_03206,O
train_ecg_03207,O
train_ecg_03211,~
train_ecg_03212,A
train_ecg_03214,O
train_ecg_03217,O
train_ecg_03218,O
train_ecg_03219,O
train_ecg_03222,O
train_ecg_03223,O
train_ecg_03224,O
train_ecg_03225,A
train_ecg_03229,O
train_ecg_03230,O
train_ecg_03231,O
train_ecg_03236,O
train_ecg_03240,A
train_ecg_03242,O
train_ecg_03244,O
train_ecg_03246,~
train_ecg_03248,A
train_ecg_03249,O
train_ecg_03251,O
train_ecg_03253,O
train_ecg_03256,O
train_ecg_03257,O
train_ecg_03258,~
train_ecg_03259,O
train_ecg_03260,A
train_ecg_03264,O
train_ecg_03267,O
train_ecg_03268,O
train_ecg_03270,O
train_ecg_03271,A
train_ecg_03273,A
train_ecg_03281,O
train_ecg_03283,O
train_ecg_03289,O
train_ecg_03295,O
train_ecg_03297,O
train_ecg_03301,O
train_ecg_03305,O
train_ecg_03306,O
train_ecg_03307,O
train_ecg_03308,~
train_ecg_03310,O
train_ecg_03316,A
train_ecg_03319,O
train_ecg_03320,O
train_ecg_03321,O
train_ecg_03327,O
train_ecg_03329,O
train_ecg_03330,A
train_ecg_03331,O
train_ecg_03334,O
train_ecg_03335,O
train_ecg_03336,O
train_ecg_03337,A
train_ecg_03343,O
train_ecg_03344,~
train_ecg_03346,O
train_ecg_03347,O
train_ecg_03353,O
train_ecg_03355,O
train_ecg_03358,O
train_ecg_03360,O
train_ecg_03363,~
train_ecg_03364,A
train_ecg_03368,O
train_ecg_03369,O
train_ecg_03370,A
train_ecg_03377,O
train_ecg_03381,O
train_ecg_03382,O
train_ecg_03385,O
train_ecg_03386,O
train_ecg_03388,O
train_ecg_03390,O
train_ecg_03391,O
train_ecg_03392,A
train_ecg_03393,~
train_ecg_03394,O
train_ecg_03395,O
train_ecg_03397,O
train_ecg_03398,A
train_ecg_03403,A
train_ecg_03405,O
train_ecg_03406,O
train_ecg_03407,O
train_ecg_03409,A
train_ecg_03411,O
train_ecg_03412,A
train_ecg_03414,A
train_ecg_03415,O
train_ecg_03417,O
train_ecg_03418,O
train_ecg_03420,O
train_ecg_03423,~
train_ecg_03428,A
train_ecg_03429,O
train_ecg_03433,A
train_ecg_03434,O
train_ecg_03437,A
train_ecg_03439,O
train_ecg_03440,A
train_ecg_03446,O
train_ecg_03447,O
train_ecg_03449,~
train_ecg_03450,~
train_ecg_03454,O
train_ecg_03455,O
train_ecg_03460,O
train_ecg_03468,A
train_ecg_03470,O
train_ecg_03472,A
train_ecg_03474,A
train_ecg_03478,O
train_ecg_03480,O
train_ecg_03486,O
train_ecg_03489,O
train_ecg_03494,O
train_ecg_03495,O
train_ecg_03499,O
train_ecg_03500,O
train_ecg_03504,O
train_ecg_03506,O
train_ecg_03507,O
train_ecg_03508,O
train_ecg_03510,O
train_ecg_03515,O
train_ecg_03516,O
train_ecg_03526,O
train_ecg_03527,O
train_ecg_03528,O
train_ecg_03532,O
train_ecg_03533,O
train_ecg_03535,O
train_ecg_03537,O
train_ecg_03540,O
train_ecg_03544,~
train_ecg_03546,O
train_ecg_03553,~
train_ecg_03559,O
train_ecg_03560,O
train_ecg_03561,O
train_ecg_03563,O
train_ecg_03567,A
train_ecg_03570,O
train_ecg_03573,O
train_ecg_03575,O
train_ecg_03577,A
train_ecg_03579,O
train_ecg_03580,A
train_ecg_03584,A
train_ecg_03585,A
train_ecg_03586,O
train_ecg_03588,O
train_ecg_03589,O
train_ecg_03590,O
train_ecg_03592,O
train_ecg_03602,O
train_ecg_03604,O
train_ecg_03605,A
train_ecg_03607,A
train_ecg_03608,O
train_ecg_03610,A
train_ecg_03612,O
train_ecg_03614,O
train_ecg_03619,O
train_ecg_03620,O
train_ecg_03624,O
train_ecg_03625,O
train_ecg_03629,A
train_ecg_03636,O
train_ecg_03638,O
train_ecg_03642,O
train_ecg_03643,O
train_ecg_03652,O
train_ecg_03653,~
train_ecg_03655,O
train_ecg_03657,O
train_ecg_03660,O
train_ecg_03664,~
train_ecg_03667,O
train_ecg_03669,O
train_ecg_03672,O
train_ecg_03673,O
train_ecg_03675,O
train_ecg_03676,O
train_ecg_03682,A
train_ecg_03685,O
train_ecg_03686,O
train_ecg_03689,O
train_ecg_03690,O
train_ecg_03695,O
train_ecg_03696,A
train_ecg_03700,O
train_ecg_03703,O
train_ecg_03706,O
train_ecg_03708,O
train_ecg_03710,O
train_ecg_03712,A
train_ecg_03713,A
train_ecg_03717,O
train_ecg_03719,O
train_ecg_03721,~
train_ecg_03723,O
train_ecg_03724,O
train_ecg_03727,~
train_ecg_03730,O
train_ecg_03733,A
train_ecg_03737,O
train_ecg_03739,~
train_ecg_03740,O
train_ecg_03741,O
train_ecg_03744,O
train_ecg_03745,O
train_ecg_03747,O
train_ecg_03750,O
train_ecg_03751,O
train_ecg_03756,O
train_ecg_03761,O
train_ecg_03762,O
train_ecg_03765,O
train_ecg_03768,A
train_ecg_03769,O
train_ecg_03772,~
train_ecg_03773,O
train_ecg_03776,O
train_ecg_03786,O
train_ecg_03787,O
train_ecg_03788,~
train_ecg_03790,O
train_ecg_03792,O
train_ecg_03794,A
train_ecg_03797,O
train_ecg_03800,O
train_ecg_03803,A
train_ecg_03806,O
train_ecg_03807,~
train_ecg_03809,~
train_ecg_03812,O
train_ecg_03814,O
train_ecg_03815,O
train_ecg_03818,O
train_ecg_03820,A
train_ecg_03822,~
train_ecg_03828,A
train_ecg_03830,O
train_ecg_03834,O
train_ecg_03835,A
train_ecg_03836,O
train_ecg_03842,O
train_ecg_03848,O
train_ecg_03852,O
train_ecg_03855,O
train_ecg_03858,A
train_ecg_03859,A
train_ecg_03860,A
train_ecg_03861,O
train_ecg_03862,O
train_ecg_03863,A
train_ecg_03864,O
train_ecg_03867,O
train_ecg_03870,O
train_ecg_03873,O
train_ecg_03875,O
train_ecg_03876,O
train_ecg_03877,O
train_ecg_03879,O
train_ecg_03880,A
train_ecg_03881,O
train_ecg_03884,~
train_ecg_03885,~
train_ecg_03886,~
train_ecg_03891,O
train_ecg_03893,O
train_ecg_03898,O
train_ecg_03899,O
train_ecg_03902,O
train_ecg_03903,O
train_ecg_03904,A
train_ecg_03907,O
train_ecg_03908,O
train_ecg_03909,A
train_ecg_03910,~
train_ecg_03912,A
train_ecg_03915,~
train_ecg_03918,A
train_ecg_03919,O
train_ecg_03923,O
train_ecg_03924,A
train_ecg_03926,O
train_ecg_03927,O
train_ecg_03930,O
train_ecg_03931,O
train_ecg_03939,A
train_ecg_03940,A
train_ecg_03941,O
train_ecg_03942,A
train_ecg_03945,O
train_ecg_03950,O
train_ecg_03956,O
train_ecg_03958,A
train_ecg_03960,O
train_ecg_03964,O
train_ecg_03965,A
train_ecg_03966,O
train_ecg_03967,O
train_ecg_03969,A
train_ecg_03972,O
train_ecg_03974,A
train_ecg_03982,O
train_ecg_03986,A
train_ecg_03990,A
train_ecg_03993,O
train_ecg_03995,O
train_ecg_03996,O
train_ecg_03997,A
train_ecg_03999,O
train_ecg_04000,~
train_ecg_04002,O
train_ecg_04006,O
train_ecg_04009,O
train_ecg_04010,O
train_ecg_04013,O
train_ecg_04017,~
train_ecg_04020,A
train_ecg_04021,O
train_ecg_04022,O
train_ecg_04031,O
train_ecg_04034,O
train_ecg_04037,O
train_ecg_04039,O
train_ecg_04040,~
train_ecg_04042,O
train_ecg_04045,O
train_ecg_04049,~
train_ecg_04050,O
train_ecg_04051,O
train_ecg_04054,O
train_ecg_04055,O
train_ecg_04056,A
train_ecg_04057,~
train_ecg_04058,O
train_ecg_04059,A
train_ecg_04062,A
train_ecg_04063,O
train_ecg_04064,O
train_ecg_04067,A
train_ecg_04068,O
train_ecg_04069,A
train_ecg_04072,O
train_ecg_04075,A
train_ecg_04080,O
train_ecg_04082,O
train_ecg_04087,O
train_ecg_04088,O
train_ecg_04092,O
train_ecg_04098,O
train_ecg_04100,O
train_ecg_04101,A
train_ecg_04103,O
train_ecg_04104,O
train_ecg_04106,~
train_ecg_04109,A
train_ecg_04111,O
train_ecg_04112,O
train_ecg_04114,O
train_ecg_04117,O
train_ecg_04118,A
train_ecg_04119,O
train_ecg_04120,O
train_ecg_04125,O
train_ecg_04126,A
train_ecg_04132,O
train_ecg_04135,O
train_ecg_04136,O
train_ecg_04139,A
train_ecg_04144,O
train_ecg_04145,A
train_ecg_04148,O
train_ecg_04149,A
train_ecg_04152,A
train_ecg_04157,O
train_ecg_04161,A
train_ecg_04163,O
train_ecg_04164,~
train_ecg_04171,O
train_ecg_04174,O
train_ecg_04178,O
train_ecg_04180,O
train_ecg_04181,~
train_ecg_04182,O
train_ecg_04185,O
train_ecg_04193,A
train_ecg_04196,A
train_ecg_04198,~
train_ecg_04199,O
train_ecg_04201,O
train_ecg_04204,O
train_ecg_04209,O
train_ecg_04210,O
train_ecg_04212,~
train_ecg_04213,~
train_ecg_04217,O
train_ecg_04221,O
train_ecg_04222,O
train_ecg_04226,A
train_ecg_04227,O
train_ecg_04231,O
train_ecg_04232,O
train_ecg_04234,O
train_ecg_04236,A
train_ecg_04239,O
train_ecg_04240,A
train_ecg_04243,O
train_ecg_04244,O
train_ecg_04245,O
train_ecg_04246,~
train_ecg_04248,O
train_ecg_04250,O
train_ecg_04252,O
train_ecg_04255,~
train_ecg_04256,O
train_ecg_04257,O
train_ecg_04262,O
train_ecg_04266,O
train_ecg_04267,O
train_ecg_04268,O
train_ecg_04273,O
train_ecg_04278,O
train_ecg_04279,O
train_ecg_04281,O
train_ecg_04282,O
train_ecg_04285,O
train_ecg_04287,A
train_ecg_04293,O
train_ecg_04296,O
train_ecg_04298,A
train_ecg_04301,A
train_ecg_04302,O
train_ecg_04304,O
train_ecg_04308,O
train_ecg_04311,A
train_ecg_04314,O
train_ecg_04315,A
train_ecg_04316,O
train_ecg_04318,O
train_ecg_04322,O
train_ecg_04325,O
train_ecg_04327,O
train_ecg_04329,A
train_ecg_04333,O
train_ecg_04335,O
train_ecg_04340,O
train_ecg_04341,~
train_ecg_04343,O
train_ecg_04345,O
train_ecg_04346,A
train_ecg_04348,O
train_ecg_04353,O
train_ecg_04355,O
train_ecg_04356,O
train_ecg_04358,O
train_ecg_04359,A
train_ecg_04363,O
train_ecg_04366,O
train_ecg_04367,A
train_ecg_04368,O
train_ecg_04369,A
train_ecg_04381,A
train_ecg_04399,~
train_ecg_04401,A
train_ecg_04406,A
train_ecg_04417,A
train_ecg_04428,~
train_ecg_04429,A
train_ecg_04438,~
train_ecg_04443,A
train_ecg_04446,A
train_ecg_04448,A
train_ecg_04455,A
train_ecg_04460,A
train_ecg_04463,A
train_ecg_04473,~
train_ecg_04492,A
train_ecg_04493,~
train_ecg_04495,A
train_ecg_04518,~
train_ecg_04520,A
train_ecg_04524,A
train_ecg_04526,A
train_ecg_04528,~
train_ecg_04529,A
train_ecg_04536,A
train_ecg_04543,~
train_ecg_04580,A
train_ecg_04593,A
train_ecg_04605,~
train_ecg_04653,A
train_ecg_04655,A
train_ecg_04657,~
train_ecg_04667,A
train_ecg_04675,~
train_ecg_04678,A
train_ecg_04690,A
train_ecg_04698,A
train_ecg_04701,~
train_ecg_04703,A
train_ecg_04715,~
train_ecg_04719,A
train_ecg_04722,A
train_ecg_04726,A
train_ecg_04728,A
train_ecg_04740,A
train_ecg_04751,A
train_ecg_04758,A
train_ecg_04762,A
train_ecg_04769,A
train_ecg_04772,A
train_ecg_04791,A
train_ecg_04822,A
train_ecg_04828,A
train_ecg_04829,A
train_ecg_04832,A
train_ecg_04835,A
train_ecg_04841,A
train_ecg_04842,A
train_ecg_04872,A
train_ecg_04875,A
train_ecg_04890,~
train_ecg_04906,A
train_ecg_04907,A
train_ecg_04914,A
train_ecg_04926,A
train_ecg_04936,A
train_ecg_04944,A
train_ecg_04974,A
train_ecg_04981,~
train_ecg_04983,A
train_ecg_04984,A
train_ecg_04996,A
train_ecg_05006,~
train_ecg_05009,A
train_ecg_05011,A
train_ecg_05016,A
train_ecg_05018,A
train_ecg_05020,~
train_ecg_05025,~
train_ecg_05030,A
train_ecg_05031,A
train_ecg_05042,A
train_ecg_05047,A
train_ecg_05055,A
train_ecg_05064,A
train_ecg_05068,A
train_ecg_05090,~
train_ecg_05099,~
train_ecg_05101,A
train_ecg_05116,A
train_ecg_05131,~
train_ecg_05135,~
train_ecg_05140,A
train_ecg_05150,~
train_ecg_05153,~
train_ecg_05161,~
train_ecg_05165,~
train_ecg_05167,A
train_ecg_05175,~
train_ecg_05210,~
train_ecg_05220,~
train_ecg_05226,A
train_ecg_05237,A
train_ecg_05243,A
train_ecg_05245,A
train_ecg_05251,~
train_ecg_05255,A
train_ecg_05259,A
train_ecg_05262,A
train_ecg_05265,A
train_ecg_05277,A
train_ecg_05280,A
train_ecg_05284,~
train_ecg_05290,A
train_ecg_05308,~
train_ecg_05309,A
train_ecg_05315,A
train_ecg_05330,~
train_ecg_05336,~
train_ecg_05338,A
train_ecg_05371,A
train_ecg_05388,A
train_ecg_05391,A
train_ecg_05393,A
train_ecg_05395,~
train_ecg_05405,A
train_ecg_05406,A
train_ecg_05407,A
train_ecg_05412,~
train_ecg_05423,~
train_ecg_05430,A
train_ecg_05436,A
train_ecg_05443,~
train_ecg_05479,A
train_ecg_05480,A
train_ecg_05481,A
train_ecg_05486,~
train_ecg_05489,A
train_ecg_05491,A
train_ecg_05496,A
train_ecg_05510,~
train_ecg_05515,~
train_ecg_05520,A
train_ecg_05522,A
train_ecg_05528,A
train_ecg_05561,A
train_ecg_05567,A
train_ecg_05571,A
train_ecg_05584,A
train_ecg_05594,A
train_ecg_05601,~
train_ecg_05605,A
train_ecg_05608,A
train_ecg_05616,A
train_ecg_05628,A
train_ecg_05631,A
train_ecg_05634,A
train_ecg_05635,A
train_ecg_05646,A
train_ecg_05651,A
train_ecg_05663,A
train_ecg_05688,A
train_ecg_05691,A
train_ecg_05694,A
train_ecg_05697,A
train_ecg_05712,~
train_ecg_05715,A
train_ecg_05721,A
train_ecg_05725,A
train_ecg_05726,A
train_ecg_05732,~
train_ecg_05733,A
train_ecg_05734,A
train_ecg_05747,~
train_ecg_05751,A
train_ecg_05754,A
train_ecg_05766,A
train_ecg_05770,A
train_ecg_05780,A
train_ecg_05791,~
train_ecg_05793,A
train_ecg_05806,A
train_ecg_05842,A
train_ecg_05844,A
train_ecg_05846,A
train_ecg_05859,A
train_ecg_05882,A
train_ecg_05884,A
train_ecg_05887,~
train_ecg_05889,A
train_ecg_05893,~
train_ecg_05904,A
train_ecg_05910,A
train_ecg_05929,A
train_ecg_05940,A
train_ecg_05948,~
train_ecg_05953,A
train_ecg_05966,A
train_ecg_05972,A
train_ecg_05991,A
train_ecg_05996,~
train_ecg_05997,A